subject_ID,Exp_Type,Run,Threat_Predictability,Cumulative_Start_Time,Block,Block_Onset,Block_End,Safe_Block_Time,Threat_Block_Time,Num_Stressor_Presentations,Audio_Files,Threat_Cue_Onset_Times,Stressor_Onset_Times,Stressor_End_Times,Individual_Button_Presses,Escape_Times,Escape_Presses_Needed_List,Shock_Level,Cumulative_End_Time,Anxiety_Rating,Perceived_Control_Rating,Yoked_Participant
CPU_018,beh,3,NA,2.00000923665,safe,3.76306707039e-06,20.0000687618,20.000064998748712,NA,NA,NA,NA,NA,NA,NA,NA,NA,NA,22.0004909115,NA,NA,CPU_002
CPU_018,beh,3,P,22.006947338,threat,3.42098064721e-06,87.0001867858,NA,87.00018336484209,1.0,['godzilla.wav'],[77.01087668235414],[80.0219483608962],[80.72168911859626],[[0.2230674003949389]],[[80.72168911859626]],NA,8,115.94122849,4,4,CPU_002
CPU_018,beh,3,NA,115.948066356,safe,2.736778697e-06,10.0000567884,10.000054051575717,NA,NA,NA,NA,NA,NA,NA,NA,NA,NA,125.94825451,NA,NA,CPU_002
CPU_018,beh,3,P,125.954509783,threat,2.39469227381e-06,63.000163181,NA,63.00016078632325,1.0,['static.wav'],[39.002891417214414],[42.01961866955389],[42.76932292533456],[[0.24115794035606086]],[[42.76932292533456]],NA,8,195.748466885,5,3,CPU_002
CPU_018,beh,3,NA,195.755038257,safe,2.736778697e-06,15.000062604,15.000059867248638,NA,NA,NA,NA,NA,NA,NA,NA,NA,NA,210.755221964,NA,NA,CPU_002
CPU_018,beh,3,P,210.761534025,threat,2.39469227381e-06,120.000217233,NA,120.00021483789897,2.0,"['scream.wav', 'demon.wav']","[15.009622891026083, 101.01504275889602]","[18.02604635982425, 104.03130988861085]","[18.9923821487464, 104.89761776229716]","[[0.26531110584619455], [0.2646128658379894]]","[[18.9923821487464, 104.89761776229716], [18.9923821487464, 104.89761776229716]]",NA,8,337.068946206,5,2,CPU_002
