subject_ID,Exp_Type,Run,Threat_Predictability,Cumulative_Start_Time,Block,Block_Onset,Block_End,Safe_Block_Time,Threat_Block_Time,Num_Stressor_Presentations,Audio_Files,Threat_Cue_Onset_Times,Stressor_Onset_Times,Stressor_End_Times,Individual_Button_Presses,Escape_Times,Escape_Presses_Needed_List,Shock_Level,Cumulative_End_Time,Anxiety_Rating,Perceived_Control_Rating
CPU_007,beh,1,U,2.0000088946,threat,4.44729812443e-06,91.0000896301,NA,91.00008518283721,2.0,"['static.wav', 'buzzsaw.wav']",NA,"[5.000068077817559, 82.00004242034629]","[5.350623048958369, 82.40895035280846]","[[0.21958280948456377, 0.3475068634143099], [0.256962668383494, 0.3929544580169022]]","[0.35062510159332305, 0.40895240544341505]","[2, 2]",5,100.504270259,8,4
CPU_007,beh,1,NA,100.511647295,safe,3.07883601636e-06,13.0000143681,13.000011289259419,NA,NA,NA,NA,NA,NA,NA,NA,NA,NA,113.511776951,NA,NA
CPU_007,beh,1,U,113.518065084,threat,2.39466316998e-06,100.000055762,NA,100.0000533675775,3.0,"['buzzer.wav', 'airhorn.wav', 'godzilla.wav']",NA,"[11.000095787923783, 25.000030446914025, 48.00004755181726]","[11.627998460549861, 25.50682232202962, 48.566021295730025]","[[0.23384631180670112, 0.3857731024036184, 0.6257799444720149], [0.22534889890812337, 0.36934103060048074, 0.4892613213742152], [0.25662843708414584, 0.40848851832561195, 0.5604768869234249]]","[0.6280005131848156, 0.5068243746645749, 0.5660230062203482]","[3, 3, 3]",5,221.381740774,7,4
CPU_007,beh,1,NA,221.388955655,safe,3.07883601636e-06,17.0000280521,17.000024973298423,NA,NA,NA,NA,NA,NA,NA,NA,NA,NA,238.389126705,NA,NA
CPU_007,beh,1,U,238.395422023,threat,2.39466316998e-06,79.0000543938,NA,79.00005199911539,1.0,['demon.wav'],NA,[63.00004207820166],[63.826584904803894],"[[0.35061449639033526, 0.6225115244742483, 0.7104386572027579, 0.8224112892057747]]",[0.8265872994670644],[4],5,324.81490186,6,4
CPU_007,beh,1,NA,324.821652512,safe,2.73669138551e-06,15.0000171049,15.00001436821185,NA,NA,NA,NA,NA,NA,NA,NA,NA,NA,339.821801326,NA,NA
