subject_ID,Exp_Type,Run,Threat_Predictability,Cumulative_Start_Time,Block,Block_Onset,Block_End,Safe_Block_Time,Threat_Block_Time,Num_Stressor_Presentations,Audio_Files,Threat_Cue_Onset_Times,Stressor_Onset_Times,Stressor_End_Times,Individual_Button_Presses,Escape_Times,Escape_Presses_Needed_List,Shock_Level,Cumulative_End_Time,Anxiety_Rating,Perceived_Control_Rating
CPU_007,beh,0,NA,2.00000786828,safe,3.42098064721e-06,16.0000465255,16.000043104519136,NA,NA,NA,NA,NA,NA,NA,NA,NA,NA,18.0003161001,NA,NA
CPU_007,beh,0,P,18.0065221295,threat,2.39466316998e-06,40.0001005773,NA,40.00009818258695,2.0,"['static.wav', 'buzzsaw.wav']","[5.000029420480132, 24.000038657221012]","[8.011757622356527, 27.005586144863628]","[8.194963951245882, 27.188810947118327]","[[0.18867547565605491], [0.1800011972663924]]","[0.19496600376442075, 0.18881299975328147]","[1, 1]",5,67.6882483644,6,8
CPU_007,beh,0,NA,67.6948881762,safe,2.39466316998e-06,14.0000530254,14.000050630769692,NA,NA,NA,NA,NA,NA,NA,NA,NA,NA,90.02579226,NA,NA
CPU_007,beh,0,U,90.0320872354,threat,2.39466316998e-06,30.0000875775,NA,30.00008518283721,1.0,['buzzer.wav'],NA,[19.000029762624763],[19.209122428903356],[[0.19239273038692772]],[0.20912448153831065],[1],5,128.218644772,9,4
