subject_ID,Exp_Type,Run,Threat_Predictability,Cumulative_Start_Time,Block,Block_Onset,Block_End,Safe_Block_Time,Threat_Block_Time,Num_Stressor_Presentations,Audio_Files,Threat_Cue_Onset_Times,Stressor_Onset_Times,Stressor_End_Times,Individual_Button_Presses,Escape_Times,Escape_Presses_Needed_List,Shock_Level,Cumulative_End_Time,Anxiety_Rating,Perceived_Control_Rating
CPU_007,beh,2,NA,2.00000786828,safe,3.07883601636e-06,19.0000424203,19.000039341510274,NA,NA,NA,NA,NA,NA,NA,NA,NA,NA,21.0003109685,NA,NA
CPU_007,beh,2,P,21.0065761813,threat,3.07883601636e-06,77.000085867,NA,77.00008278817404,2.0,"['godzilla.wav', 'buzzer.wav']","[12.000055078067817, 46.00006910413504]","[15.006735941860825, 49.012415137840435]","[15.873054693103768, 49.71212110319175]","[[0.1798339105444029, 0.4757524909218773, 0.5957849903497845, 0.7317904639057815, 0.8678109899628907], [0.14676758600398898, 0.29865400900598615, 0.41864408808760345, 0.5546871926635504, 0.698657772038132]]","[0.8730567457387224, 0.7121228137984872]","[5, 5]",5,104.274831217,3,8
CPU_007,beh,2,NA,104.28218978,safe,3.07895243168e-06,12.0000201839,12.000017104903236,NA,NA,NA,NA,NA,NA,NA,NA,NA,NA,116.282353988,NA,NA
CPU_007,beh,2,P,116.288663331,threat,2.73680780083e-06,112.000074236,NA,112.0000714987982,0.0,[],NA,[],[],[],[],[],5,233.399678084,2,8
CPU_007,beh,2,NA,233.40656455,safe,2.73680780083e-06,14.000037973,14.000035236240365,NA,NA,NA,NA,NA,NA,NA,NA,NA,NA,247.406732179,NA,NA
CPU_007,beh,2,P,247.413093864,threat,2.73680780083e-06,81.0000547359,NA,81.00005199911539,2.0,"['demon.wav', 'buzzsaw.wav']","[48.00006499886513, 60.00008757750038]","[51.01534077397082, 63.01147744280752]","[51.681718366453424, 63.86112020525616]","[[0.17273089580703527, 0.3246162924915552, 0.4446104768430814, 0.5565365832298994, 0.6765800298890099], [0.16428377164993435, 0.34015103697311133, 0.4441424844553694, 0.7082088518654928, 0.8521698524709791]]","[0.6817207611165941, 0.8611222578911111]","[5, 5]",5,333.052008039,1,9
