subject_ID,Exp_Type,Run,Threat_Predictability,Cumulative_Start_Time,Block,Block_Onset,Block_End,Safe_Block_Time,Threat_Block_Time,Num_Stressor_Presentations,Audio_Files,Threat_Cue_Onset_Times,Stressor_Onset_Times,Stressor_End_Times,Individual_Button_Presses,Escape_Times,Escape_Presses_Needed_List,Shock_Level,Cumulative_End_Time,Anxiety_Rating,Perceived_Control_Rating
CPU_007,beh,3,NA,2.00000786828,safe,3.42098064721e-06,20.0000417362,20.000038315192796,NA,NA,NA,NA,NA,NA,NA,NA,NA,NA,22.0003130211,NA,NA
CPU_007,beh,3,U,22.0073106692,threat,3.07883601636e-06,87.0000639725,NA,87.00006089371163,1.0,['godzilla.wav'],NA,[80.00003147311509],[81.40912619198207],"[[0.32201462471857667, 0.7459020739188418, 0.849840153940022, 1.1377905494300649, 1.2738329698331654, 1.4018322855699807]]",[1.409128586645238],[6],7,118.428626213,8,3
CPU_007,beh,3,NA,118.435731281,safe,3.07883601636e-06,10.0000345521,10.000031473231502,NA,NA,NA,NA,NA,NA,NA,NA,NA,NA,128.43590062,NA,NA
CPU_007,beh,3,U,128.442065255,threat,2.3947795853e-06,63.0000868933,NA,63.00008449854795,1.0,['static.wav'],NA,[42.00008791964501],[43.052470215945505],"[[0.2610644430387765, 0.5248851828509942, 0.6529265769058838, 0.7808988668257371, 0.9088632884668186, 1.044893393293023]]",[1.052472268580459],[6],7,196.170121702,8,4
CPU_007,beh,3,NA,196.176762198,safe,2.73680780083e-06,15.0000301048,15.000027367961593,NA,NA,NA,NA,NA,NA,NA,NA,NA,NA,211.17690588,NA,NA
CPU_007,beh,3,U,211.183268591,threat,2.39466316998e-06,120.00009613,NA,120.00009373540524,2.0,"['scream.wav', 'demon.wav']",NA,"[18.00003078894224, 104.00009920890443]","[19.092149326461367, 105.1643450075062]","[[0.26215471455361694, 0.4137695103418082, 0.5497558263596147, 0.6857342740986496, 0.7977695104200393, 0.9417527475161478, 1.08576369471848], [0.31497010902967304, 0.47487500531133264, 0.6108582424931228, 0.7309191362001002, 0.8588329270714894, 0.9868141115875915, 1.15479700663127]]","[1.0921520632691681, 1.1643470601411536]","[7, 7]",7,334.975156724,7,3
